keywords,zipcode,pos 2,pos 3,pos 4,pos 5,pos 6,pos 7,pos 8,pos 9,pos 10,pos 11,pos 12,pos 13,pos 14,pos 15,pos 16,pos 17,pos 18,pos 19,pos 20,pos 21,Aesthetic Dental_pos,pos 22
dentist,91354,Santa Clarita Advanced Dentistry,Valencia Advanced Dentistry at Copperhill Smiles | Santa Clarita Dentist,Smile City Dental,Copper Canyon Dentistry,Crest Dental,Canyon Dental Group,Smilebody Holistic Dental Wellbeing (formerly Promenade Dentistry),Go Dental,Everbright Family Dentistry,Villar Dentistry & Orthodontics,Harmony Dental Santa Clarita,Santa Clarita Valley Dental Care,Valencia cosmetic and implant dentistry,Valencia Dental Group at Copper Hill,C Squared Dentistry,Noa Dental,Baywood Dental Group,White Crown Dental,Aesthetic Dental & Specialty Center,Valencia Dental Office,19,
dentist,91387,Lost Canyon Family Dental: Clayton R. Clark DDS & Jay Singh DDS,Golden Canyon Dentistry,Adventure Dental and Orthodontics - Santa Clarita,Dentistry For Kids and Adults,Santa Clarita Advanced Dentistry,Harmony Dental Santa Clarita,Canyon Country Dental Group,Canyon Country Family Dentistry,Smile City Dental Group,Kidz Dental Care,Canyon Smiles & Orthodontics Dr. Houman Ebrahimi,Bright Now! Dental & Orthodontics,Aesthetic Dental & Specialty Center,"Family Tree Dentistry, Sarah J. Phillips, D.D.S.",Perfect Smiles Dental Studio,Villar Dentistry & Orthodontics,A New Smile CC Dental Group,California Dental,Wellness Family Dental Care,Navarro Dentistry,13,
dentist,91322,Three Sixty Dentistry,Newhall Dental Arts,Aesthetic Dental & Specialty Center,Santa Clarita Advanced Dentistry,SANTA CLARITA DENTAL CARE,"Dr. David S. Kim, DDS",Santa Clarita Family Dentistry,Smile Design: Santa Clarita,Western Dental & Orthodontics,"Nilda M. Woolard, DDS",Henao Dental,Dr Sean Kutlay D.D.S.,Enhancedentist,Zak Dental - Valencia,Villar Dentistry & Orthodontics,Smilebody Holistic Dental Wellbeing (formerly Promenade Dentistry),Rex Baumgartner DDS,Smile Republic Pediatric Dentistry (previously SCV Pediatric Dentistry),Lyons Dental Care,Newhall Oral & Maxillofacial Surgery Group,3,
dentist,91383,Santa Clarita Advanced Dentistry,Smilebody Holistic Dental Wellbeing (formerly Promenade Dentistry),Copper Canyon Dentistry,Hasley Canyon Dental Group,Aesthetic Dental & Specialty Center,Canyon Dental Group,Crest Dental,Villar Dentistry & Orthodontics,"Andrew A. Tran, DDS - Vivid Smile Dental",Paradise Smile,Fealy Dentistry,Santa Clarita Children's Dental,Valencia Dental Group and Orthodontics,Santa Clarita Valley Dental Care,Valencia cosmetic and implant dentistry,C Squared Dentistry,iHeartDDS - Santa Clarita Dentist,Dr. Marvin Tong DDS,White Crown Dental,Valencia Advanced Dentistry at Copperhill Smiles | Santa Clarita Dentist,5,
dentist,91380,Santa Clarita Advanced Dentistry,Lost Canyon Family Dental: Clayton R. Clark DDS & Jay Singh DDS,Harmony Dental Santa Clarita,Adventure Dental and Orthodontics - Santa Clarita,Golden Canyon Dentistry,Dentistry For Kids and Adults,Villar Dentistry & Orthodontics,Bright Now! Dental & Orthodontics,Aesthetic Dental & Specialty Center,White Crown Dental,"Family Tree Dentistry, Sarah J. Phillips, D.D.S.",Smilebody Holistic Dental Wellbeing (formerly Promenade Dentistry),Copper Canyon Dentistry,Canyon Country Family Dentistry,Kidz Dental Care,Canyon Country Dental Group,Valencia Dental Group and Orthodontics,Valencia Advanced Dentistry at Copperhill Smiles | Santa Clarita Dentist,Crest Dental,Canyon Dental Group,9,
dentist,91382,Aesthetic Dental & Specialty Center,Santa Clarita Advanced Dentistry,Three Sixty Dentistry,Santa Clarita Family Dentistry,Newhall Dental Arts,Villar Dentistry & Orthodontics,Western Dental & Orthodontics,Santa Clarita Valley Dental Care,Smile Republic Pediatric Dentistry (previously SCV Pediatric Dentistry),Zak Dental - Valencia,Dr Sean Kutlay D.D.S.,Valencia Dental Group and Orthodontics,All Kids Dentistry,SANTA CLARITA DENTAL CARE,"Dr. Arnel T. De Guzman, DDS",Smilebody Holistic Dental Wellbeing (formerly Promenade Dentistry),White Crown Dental,Valencia Dental Office,Adventure Dental and Orthodontics - Santa Clarita,"Daniel J. Iannotti, DDS, Inc.",1,
dentist,91386,Lost Canyon Family Dental: Clayton R. Clark DDS & Jay Singh DDS,Golden Canyon Dentistry,Canyon Smiles & Orthodontics Dr. Houman Ebrahimi,Canyon Country Family Dentistry,Dentistry For Kids and Adults,Adventure Dental and Orthodontics - Santa Clarita,Santa Clarita Advanced Dentistry,Smile City Dental Group,Canyon Country Dental Group,Harmony Dental Santa Clarita,Perfect Smiles Dental Studio,Kidz Dental Care,"Gina Dorfman, DDS",A New Smile CC Dental Group,Parthenia Family Dental,Bright Now! Dental & Orthodontics,Smiles Dental Group,"Family Tree Dentistry, Sarah J. Phillips, D.D.S.",Aesthetic Dental & Specialty Center,Wellness Family Dental Care,19,
dentist,91390,Santa Clarita Advanced Dentistry,AV Sierra Dental,Harmony Dental Santa Clarita,Adventure Dental and Orthodontics - Santa Clarita,Golden Canyon Dentistry,Aesthetic Dental & Specialty Center,Elite Dental Care,Dentistry For Kids and Adults,Smilebody Holistic Dental Wellbeing (formerly Promenade Dentistry),Villar Dentistry & Orthodontics,Copper Canyon Dentistry,Santa Clarita Valley Dental Care,Bright Now! Dental & Orthodontics,"Family Tree Dentistry, Sarah J. Phillips, D.D.S.",Rancho Vista Family Dentistry Palmdale,Lancaster Total Dentistry,White Crown Dental,Valencia Dental Group and Orthodontics,Canyon Country Dental Group,Kidz Dental Care,6,
dentist,91381,Santa Clarita Advanced Dentistry,Aesthetic Dental & Specialty Center,Smilebody Holistic Dental Wellbeing (formerly Promenade Dentistry),Smile Focus Dental Practice - Dentist Stevenson Ranch - Cosmetic Dentist Santa Clarita & Valencia,Valencia Dental Group and Orthodontics,Villar Dentistry & Orthodontics,Three Sixty Dentistry,Santa Clarita Valley Dental Care,Copper Canyon Dentistry,Valencia Dental Office,"Andrew A. Tran, DDS - Vivid Smile Dental",Porter Ranch Dental Studio,Fealy Dentistry,White Crown Dental,Smile Design: Santa Clarita,Newhall Dental Arts,Canyon Dental Group,Sierra Dental Practice,Adventure Dental and Orthodontics - Santa Clarita,Santa Clarita Children's Dental,2,
dentist,91351,Golden Canyon Dentistry,Canyon Country Family Dentistry,Lost Canyon Family Dental: Clayton R. Clark DDS & Jay Singh DDS,Smile City Dental Group,A New Smile CC Dental Group,Dentistry For Kids and Adults,Perfect Smiles Dental Studio,Canyon Country Dental Care,"Gina Dorfman, DDS",Sierra Dental Care: Mahrokh Yashar DDS,"Skyline Smiles: Harleen Grewal, DDS",Smiles Dental Group,"Dr. Anna Liberman, DDS",Neal C. Green D.D.S. Inc.,Canyon Smiles & Orthodontics Dr. Houman Ebrahimi,Mint Canyon Dental,Harmony Dental Santa Clarita,Wellness Family Dental Care,Canyon Country Dental Group,Dr. Alexander Lee,Aesthetic Dental not found in top 20 results,
dentist,91321,Santa Clarita Advanced Dentistry,Adventure Dental and Orthodontics - Santa Clarita,Lost Canyon Family Dental: Clayton R. Clark DDS & Jay Singh DDS,Aesthetic Dental & Specialty Center,Golden Canyon Dentistry,Canyon Country Dental Group,"Family Tree Dentistry, Sarah J. Phillips, D.D.S.",Bright Now! Dental & Orthodontics,Dentistry For Kids and Adults,Smile City Dental Group,Balboa Dental Group,Villar Dentistry & Orthodontics,Navarro Dentistry,California Dental,Kidz Dental Care,Harmony Dental Santa Clarita,Three Sixty Dentistry,Smilebody Holistic Dental Wellbeing (formerly Promenade Dentistry),Santa Clarita Family Dentistry,Valencia Dental Group and Orthodontics,4,
dentist,91350,Saugus Dental Laser Center,Santa Clarita Valley Dental Care,Bright Now! Dental & Orthodontics,"Family Tree Dentistry, Sarah J. Phillips, D.D.S.",Harmony Dental Santa Clarita,All Specialty Family Dental,White Crown Dental,Bouquet Smile Dental - Brandon Thai DDS,Aminov Dmitry a DDS,Golden Triangle Dental,Pure Dentistry Children & Adults,Dentistry For Kids & Adults,Dental Family & Cosmetic,Villar Dentistry & Orthodontics,"Victoria Prasol, DDS",Best Image Dental,Mindel Albert DDS,Golden Canyon Dentistry,Smile City Dental Group,VALENCIA DENTAL SMILES,Aesthetic Dental not found in top 20 results,
dentist,91355,Santa Clarita Advanced Dentistry,Copper Canyon Dentistry,Canyon Dental Group,Crest Dental,Smilebody Holistic Dental Wellbeing (formerly Promenade Dentistry),Valencia cosmetic and implant dentistry,Aesthetic Dental & Specialty Center,C Squared Dentistry,Valencia Dental Group at Copper Hill,Go Dental,"Andrew A. Tran, DDS - Vivid Smile Dental",Valencia Advanced Dentistry at Copperhill Smiles | Santa Clarita Dentist,Fealy Dentistry,Dr. Marvin Tong DDS,Villar Dentistry & Orthodontics,Baywood Dental Group,Hasley Canyon Dental Group,Valencia Dental Group and Orthodontics,Santa Clarita Valley Dental Care,Valencia Dental Office,7,
dentist,91310,Santa Clarita Advanced Dentistry,Castaic Dental Center,Copper Canyon Dentistry,Hasley Canyon Dental Group,Crest Dental,Smilebody Holistic Dental Wellbeing (formerly Promenade Dentistry),Canyon Dental Group,Smiles Forever Dental,Villar Dentistry & Orthodontics,Paradise Smile,Aesthetic Dental & Specialty Center,Valencia cosmetic and implant dentistry,Valencia Advanced Dentistry at Copperhill Smiles | Santa Clarita Dentist,C Squared Dentistry,Harmony Dental Santa Clarita,Fealy Dentistry,"Andrew A. Tran, DDS - Vivid Smile Dental",Dr. Ravinder Kunwar,Valencia Dental Group at Copper Hill,White Crown Dental,11,
dentist near me,91354,Smile City Dental,Santa Clarita Advanced Dentistry,Valencia Advanced Dentistry at Copperhill Smiles | Santa Clarita Dentist,Crest Dental,Smilebody Holistic Dental Wellbeing (formerly Promenade Dentistry),Go Dental,Canyon Dental Group,White Crown Dental,Copper Canyon Dentistry,Harmony Dental Santa Clarita,Valencia Dental Office,Valencia Dental Group at Copper Hill,Santa Clarita Valley Dental Care,Sierra Dental Practice,Noa Dental,Aesthetic Dental & Specialty Center,Dr. Marvin Tong DDS,Baywood Dental Group,Hasley Canyon Dental Group,Smile Focus Dental Practice - Dentist Stevenson Ranch - Cosmetic Dentist Santa Clarita & Valencia,16,
dentist near me,91387,Lost Canyon Family Dental: Clayton R. Clark DDS & Jay Singh DDS,Adventure Dental and Orthodontics - Santa Clarita,Harmony Dental Santa Clarita,Canyon Country Dental Group,Dentistry For Kids and Adults,Smile City Dental Group,Canyon Smiles & Orthodontics Dr. Houman Ebrahimi,Santa Clarita Advanced Dentistry,Perfect Smiles Dental Studio,"Family Tree Dentistry, Sarah J. Phillips, D.D.S.",Kidz Dental Care,Smilebody Holistic Dental Wellbeing (formerly Promenade Dentistry),White Crown Dental,Golden Canyon Dentistry,Bright Now! Dental & Orthodontics,A New Smile CC Dental Group,Aesthetic Dental & Specialty Center,Canyon Country Family Dentistry,Princessa Dental,Three Sixty Dentistry,17,
dentist near me,91322,Newhall Dental Arts,Three Sixty Dentistry,SANTA CLARITA DENTAL CARE,Aesthetic Dental & Specialty Center,Santa Clarita Advanced Dentistry,Smilebody Holistic Dental Wellbeing (formerly Promenade Dentistry),Smile Design: Santa Clarita,Dr Sean Kutlay D.D.S.,"Nilda M. Woolard, DDS",Smile Focus Dental Practice - Dentist Stevenson Ranch - Cosmetic Dentist Santa Clarita & Valencia,"Dr. David S. Kim, DDS",Santa Clarita Family Dentistry,Newhall Oral & Maxillofacial Surgery Group,White Crown Dental,All Kids Dentistry,Smile Republic Pediatric Dentistry (previously SCV Pediatric Dentistry),"Dr. Sarkis L. Aznavour, DDS",Zak Dental - Valencia,Western Dental & Orthodontics,"Dr. Arnel T. De Guzman, DDS",4,
dentist near me,91383,Santa Clarita Advanced Dentistry,Smilebody Holistic Dental Wellbeing (formerly Promenade Dentistry),Crest Dental,Copper Canyon Dentistry,Paradise Smile,Hasley Canyon Dental Group,Go Dental,iHeartDDS - Santa Clarita Dentist,Dr. Marvin Tong DDS,Canyon Dental Group,Valencia Advanced Dentistry at Copperhill Smiles | Santa Clarita Dentist,White Crown Dental,Aesthetic Dental & Specialty Center,"Andrew A. Tran, DDS - Vivid Smile Dental",Valencia cosmetic and implant dentistry,Fealy Dentistry,Sierra Dental Practice,Smile Focus Dental Practice - Dentist Stevenson Ranch - Cosmetic Dentist Santa Clarita & Valencia,Fridman Family Dental Care,Villar Dentistry & Orthodontics,13,
dentist near me,91380,Lost Canyon Family Dental: Clayton R. Clark DDS & Jay Singh DDS,Adventure Dental and Orthodontics - Santa Clarita,Harmony Dental Santa Clarita,White Crown Dental,Canyon Smiles & Orthodontics Dr. Houman Ebrahimi,Smilebody Holistic Dental Wellbeing (formerly Promenade Dentistry),Kidz Dental Care,Dentistry For Kids and Adults,Smile City Dental Group,Canyon Country Dental Group,Aesthetic Dental & Specialty Center,"Family Tree Dentistry, Sarah J. Phillips, D.D.S.",Golden Canyon Dentistry,Bright Now! Dental & Orthodontics,Perfect Smiles Dental Studio,Golden Triangle Dental,Canyon Dental Group,Noa Dental,SANTA CLARITA DENTAL CARE,A New Smile CC Dental Group,11,
dentist near me,91382,Aesthetic Dental & Specialty Center,Santa Clarita Advanced Dentistry,Newhall Dental Arts,Three Sixty Dentistry,Smilebody Holistic Dental Wellbeing (formerly Promenade Dentistry),SANTA CLARITA DENTAL CARE,White Crown Dental,Dr Sean Kutlay D.D.S.,All Kids Dentistry,Smile Republic Pediatric Dentistry (previously SCV Pediatric Dentistry),Valencia Dental Office,Santa Clarita Family Dentistry,Smile Focus Dental Practice - Dentist Stevenson Ranch - Cosmetic Dentist Santa Clarita & Valencia,"Dr. Arnel T. De Guzman, DDS",Smile Design: Santa Clarita,Zak Dental - Valencia,"SoCal Dental of Valencia | General, Restorative & Cosmetic Dentist in Valencia",Valencia Dental Group and Orthodontics,Santa Clarita Valley Dental Care,"Nilda M. Woolard, DDS",1,
dentist near me,91386,Lost Canyon Family Dental: Clayton R. Clark DDS & Jay Singh DDS,Canyon Smiles & Orthodontics Dr. Houman Ebrahimi,Dentistry For Kids and Adults,Canyon Country Family Dentistry,Canyon Country Dental Group,Perfect Smiles Dental Studio,Smile City Dental Group,Golden Canyon Dentistry,Harmony Dental Santa Clarita,Santa Clarita Advanced Dentistry,Adventure Dental and Orthodontics - Santa Clarita,Smilebody Holistic Dental Wellbeing (formerly Promenade Dentistry),White Crown Dental,Kidz Dental Care,Smiles Dental Group,A New Smile CC Dental Group,"Family Tree Dentistry, Sarah J. Phillips, D.D.S.","Gina Dorfman, DDS",Aesthetic Dental & Specialty Center,Santa Clarita Valley Dental Care,19,
dentist near me,91390,Santa Clarita Advanced Dentistry,Smilebody Holistic Dental Wellbeing (formerly Promenade Dentistry),Lost Canyon Family Dental: Clayton R. Clark DDS & Jay Singh DDS,Harmony Dental Santa Clarita,White Crown Dental,Aesthetic Dental & Specialty Center,Dentistry For Kids and Adults,Adventure Dental and Orthodontics - Santa Clarita,AV Sierra Dental,Canyon Country Dental Group,Smile Focus Dental Practice - Dentist Stevenson Ranch - Cosmetic Dentist Santa Clarita & Valencia,Smile City Dental Group,"Family Tree Dentistry, Sarah J. Phillips, D.D.S.",Valencia Advanced Dentistry at Copperhill Smiles | Santa Clarita Dentist,Canyon Dental Group,Santa Clarita Valley Dental Care,Three Sixty Dentistry,Perfect Smiles Dental Studio,Canyon Smiles & Orthodontics Dr. Houman Ebrahimi,Bright Now! Dental & Orthodontics,6,
dentist near me,91381,Santa Clarita Advanced Dentistry,Smilebody Holistic Dental Wellbeing (formerly Promenade Dentistry),Aesthetic Dental & Specialty Center,Valencia Dental Office,Newhall Dental Arts,Smile Focus Dental Practice - Dentist Stevenson Ranch - Cosmetic Dentist Santa Clarita & Valencia,White Crown Dental,Crest Dental,Copper Canyon Dentistry,Porter Ranch Dental Studio,SANTA CLARITA DENTAL CARE,Go Dental,Dr. Marvin Tong DDS,Adventure Dental and Orthodontics - Santa Clarita,Three Sixty Dentistry,iHeartDDS - Santa Clarita Dentist,Sierra Dental Practice,"Andrew A. Tran, DDS - Vivid Smile Dental",Valencia Dental Group and Orthodontics,Smile Design: Santa Clarita,3,
dentist near me,91351,Lost Canyon Family Dental: Clayton R. Clark DDS & Jay Singh DDS,Harmony Dental Santa Clarita,Santa Clarita Advanced Dentistry,Dentistry For Kids and Adults,Smile City Dental Group,Smilebody Holistic Dental Wellbeing (formerly Promenade Dentistry),Perfect Smiles Dental Studio,Adventure Dental and Orthodontics - Santa Clarita,Canyon Country Dental Group,Canyon Smiles & Orthodontics Dr. Houman Ebrahimi,White Crown Dental,Golden Canyon Dentistry,Valencia Dental Office,"Family Tree Dentistry, Sarah J. Phillips, D.D.S.","Skyline Smiles: Harleen Grewal, DDS",Aesthetic Dental & Specialty Center,A New Smile CC Dental Group,Santa Clarita Valley Dental Care,Crest Dental,Kidz Dental Care,16,
dentist near me,91321,Lost Canyon Family Dental: Clayton R. Clark DDS & Jay Singh DDS,Santa Clarita Advanced Dentistry,Adventure Dental and Orthodontics - Santa Clarita,Smilebody Holistic Dental Wellbeing (formerly Promenade Dentistry),Canyon Country Dental Group,White Crown Dental,Aesthetic Dental & Specialty Center,Dentistry For Kids and Adults,Smile City Dental Group,Harmony Dental Santa Clarita,"Family Tree Dentistry, Sarah J. Phillips, D.D.S.",Three Sixty Dentistry,Perfect Smiles Dental Studio,Smile Focus Dental Practice - Dentist Stevenson Ranch - Cosmetic Dentist Santa Clarita & Valencia,Newhall Dental Arts,Kidz Dental Care,Bright Now! Dental & Orthodontics,Santa Clarita Valley Dental Care,Canyon Smiles & Orthodontics Dr. Houman Ebrahimi,Smile Center - Santa Clarita,7,
dentist near me,91350,Santa Clarita Advanced Dentistry,White Crown Dental,Smilebody Holistic Dental Wellbeing (formerly Promenade Dentistry),Harmony Dental Santa Clarita,Santa Clarita Valley Dental Care,Valencia Dental Office,Saugus Dental Laser Center,"Family Tree Dentistry, Sarah J. Phillips, D.D.S.",Crest Dental,Go Dental,Aesthetic Dental & Specialty Center,Bright Now! Dental & Orthodontics,Golden Triangle Dental,Valencia Advanced Dentistry at Copperhill Smiles | Santa Clarita Dentist,Smile City Dental Group,Canyon Dental Group,Sierra Dental Practice,Canyon Country Dental Group,Adventure Dental and Orthodontics - Santa Clarita,Smile Focus Dental Practice - Dentist Stevenson Ranch - Cosmetic Dentist Santa Clarita & Valencia,11,
dentist near me,91355,Santa Clarita Advanced Dentistry,Smilebody Holistic Dental Wellbeing (formerly Promenade Dentistry),Crest Dental,Canyon Dental Group,Valencia Advanced Dentistry at Copperhill Smiles | Santa Clarita Dentist,Copper Canyon Dentistry,Go Dental,Dr. Marvin Tong DDS,White Crown Dental,Valencia Dental Office,Valencia Dental Group at Copper Hill,C Squared Dentistry,Smile Focus Dental Practice - Dentist Stevenson Ranch - Cosmetic Dentist Santa Clarita & Valencia,Hasley Canyon Dental Group,Sierra Dental Practice,"Andrew A. Tran, DDS - Vivid Smile Dental",Aesthetic Dental & Specialty Center,Baywood Dental Group,Valencia cosmetic and implant dentistry,Harmony Dental Santa Clarita,17,
dentist near me,91310,Castaic Dental Center,Smiles Forever Dental,Hasley Canyon Dental Group,Paradise Smile,Crest Dental,Copper Canyon Dentistry,Santa Clarita Advanced Dentistry,Smilebody Holistic Dental Wellbeing (formerly Promenade Dentistry),Canyon Dental Group,Smile City Dental,Go Dental,C Squared Dentistry,Dr. Ravinder Kunwar,Valencia cosmetic and implant dentistry,iHeartDDS - Santa Clarita Dentist,Valencia Dental Group at Copper Hill,Dr. Marvin Tong DDS,Aesthetic Dental & Specialty Center,Baywood Dental Group,Sierra Dental Practice,18,
dentist santa clarita,91354,Smilebody Holistic Dental Wellbeing (formerly Promenade Dentistry),Santa Clarita Advanced Dentistry,Valencia Advanced Dentistry at Copperhill Smiles | Santa Clarita Dentist,Smile City Dental,Go Dental,Canyon Dental Group,Copper Canyon Dentistry,White Crown Dental,Valencia Dental Group at Copper Hill,Harmony Dental Santa Clarita,Noa Dental,Adventure Dental and Orthodontics - Santa Clarita,Santa Clarita Valley Dental Care,iHeartDDS - Santa Clarita Dentist,"Andrew A. Tran, DDS - Vivid Smile Dental",Baywood Dental Group,"Family Tree Dentistry, Sarah J. Phillips, D.D.S.",Valencia Dental Office,Aesthetic Dental & Specialty Center,Dr. Marvin Tong DDS,19,
dentist santa clarita,91387,Lost Canyon Family Dental: Clayton R. Clark DDS & Jay Singh DDS,Adventure Dental and Orthodontics - Santa Clarita,Smilebody Holistic Dental Wellbeing (formerly Promenade Dentistry),Santa Clarita Advanced Dentistry,Canyon Country Dental Group,Dentistry For Kids and Adults,"Family Tree Dentistry, Sarah J. Phillips, D.D.S.",Kidz Dental Care,Harmony Dental Santa Clarita,Smile City Dental Group,Aesthetic Dental & Specialty Center,Perfect Smiles Dental Studio,Santa Clarita Valley Dental Care,Princessa Dental,"Skyline Smiles: Harleen Grewal, DDS",White Crown Dental,A New Smile CC Dental Group,Bright Now! Dental & Orthodontics,Valencia Dental Office,Smile Republic Pediatric Dentistry (previously SCV Pediatric Dentistry),11,
dentist santa clarita,91322,Smilebody Holistic Dental Wellbeing (formerly Promenade Dentistry),Three Sixty Dentistry,SANTA CLARITA DENTAL CARE,Santa Clarita Advanced Dentistry,Aesthetic Dental & Specialty Center,Smile Design: Santa Clarita,Smile Republic Pediatric Dentistry (previously SCV Pediatric Dentistry),Newhall Dental Arts,"Dr. Arnel T. De Guzman, DDS",Zak Dental - Valencia,Adventure Dental and Orthodontics - Santa Clarita,"Daniel J. Iannotti, DDS, Inc.","Nilda M. Woolard, DDS",Santa Clarita Family Dentistry,Dr Sean Kutlay D.D.S.,"Family Tree Dentistry, Sarah J. Phillips, D.D.S.",White Crown Dental,Santa Clarita Valley Dental Care,"Dr. Sarkis L. Aznavour, DDS",Smile Center - Santa Clarita,5,
dentist santa clarita,91383,Dentist 4 Uninsured,Santa Clarita Advanced Dentistry,Smilebody Holistic Dental Wellbeing (formerly Promenade Dentistry),Santa Clarita Valley Dental Care,Canyon Dental Group,Aesthetic Dental & Specialty Center,Harmony Dental Santa Clarita,Smile Design: Santa Clarita,White Crown Dental,Valencia Advanced Dentistry at Copperhill Smiles | Santa Clarita Dentist,Lyons Dental Care,"Family Tree Dentistry, Sarah J. Phillips, D.D.S.",Smile Center - Santa Clarita,Comfort Dental Group,Bright Now! Dental & Orthodontics,"Dr. Arnel T. De Guzman, DDS",Bouquet Smile Dental - Brandon Thai DDS,A New Smile CC Dental Group,Perfect Smiles Dental Studio,"Dr. Rosario Castillo, DDS",6,Canyon Country Dental Group
dentist santa clarita,91380,Smilebody Holistic Dental Wellbeing (formerly Promenade Dentistry),Lost Canyon Family Dental: Clayton R. Clark DDS & Jay Singh DDS,Adventure Dental and Orthodontics - Santa Clarita,Santa Clarita Advanced Dentistry,Harmony Dental Santa Clarita,"Family Tree Dentistry, Sarah J. Phillips, D.D.S.",Dentistry For Kids and Adults,Canyon Country Dental Group,Aesthetic Dental & Specialty Center,Santa Clarita Valley Dental Care,"Skyline Smiles: Harleen Grewal, DDS",Kidz Dental Care,White Crown Dental,Smile City Dental Group,Go Dental,Valencia Advanced Dentistry at Copperhill Smiles | Santa Clarita Dentist,"Andrew A. Tran, DDS - Vivid Smile Dental",Canyon Dental Group,Crest Dental,Valencia Dental Office,9,
dentist santa clarita,91382,Smilebody Holistic Dental Wellbeing (formerly Promenade Dentistry),Aesthetic Dental & Specialty Center,Santa Clarita Advanced Dentistry,"Dr. Arnel T. De Guzman, DDS",Smile Republic Pediatric Dentistry (previously SCV Pediatric Dentistry),"Daniel J. Iannotti, DDS, Inc.",SANTA CLARITA DENTAL CARE,Adventure Dental and Orthodontics - Santa Clarita,Smile Design: Santa Clarita,Three Sixty Dentistry,Zak Dental - Valencia,"Family Tree Dentistry, Sarah J. Phillips, D.D.S.",White Crown Dental,Santa Clarita Valley Dental Care,Dr Sean Kutlay D.D.S.,Santa Clarita Family Dentistry,"Smile Care Valencia - Robert P. Hedvat, DDS",Valencia Dental Office,"Nilda M. Woolard, DDS",All Kids Dentistry,2,
dentist santa clarita,91386,Lost Canyon Family Dental: Clayton R. Clark DDS & Jay Singh DDS,Perfect Smiles Dental Studio,Dentistry For Kids and Adults,Adventure Dental and Orthodontics - Santa Clarita,Smile City Dental Group,Canyon Country Dental Group,Canyon Smiles & Orthodontics Dr. Houman Ebrahimi,Smilebody Holistic Dental Wellbeing (formerly Promenade Dentistry),Santa Clarita Advanced Dentistry,Bright Now! Dental & Orthodontics,Princessa Dental,Smiles Dental Group,Kidz Dental Care,"Family Tree Dentistry, Sarah J. Phillips, D.D.S.",Harmony Dental Santa Clarita,Sierra Dental Care: Mahrokh Yashar DDS,A New Smile CC Dental Group,Wellness Family Dental Care,Aesthetic Dental & Specialty Center,Santa Clarita Valley Dental Care,19,
dentist santa clarita,91390,Smilebody Holistic Dental Wellbeing (formerly Promenade Dentistry),Santa Clarita Advanced Dentistry,Adventure Dental and Orthodontics - Santa Clarita,Lost Canyon Family Dental: Clayton R. Clark DDS & Jay Singh DDS,Harmony Dental Santa Clarita,"Family Tree Dentistry, Sarah J. Phillips, D.D.S.",Dentistry For Kids and Adults,Aesthetic Dental & Specialty Center,Canyon Country Dental Group,Kidz Dental Care,Santa Clarita Valley Dental Care,White Crown Dental,"Skyline Smiles: Harleen Grewal, DDS",Smile City Dental Group,Go Dental,Canyon Dental Group,"Andrew A. Tran, DDS - Vivid Smile Dental",Valencia Advanced Dentistry at Copperhill Smiles | Santa Clarita Dentist,iHeartDDS - Santa Clarita Dentist,Valencia Dental Office,8,
dentist santa clarita,91381,Smilebody Holistic Dental Wellbeing (formerly Promenade Dentistry),Santa Clarita Advanced Dentistry,Aesthetic Dental & Specialty Center,Smile Focus Dental Practice - Dentist Stevenson Ranch - Cosmetic Dentist Santa Clarita & Valencia,Smile Design: Santa Clarita,Adventure Dental and Orthodontics - Santa Clarita,"Andrew A. Tran, DDS - Vivid Smile Dental",iHeartDDS - Santa Clarita Dentist,Smile Republic Pediatric Dentistry (previously SCV Pediatric Dentistry),White Crown Dental,"Family Tree Dentistry, Sarah J. Phillips, D.D.S.",Santa Clarita Valley Dental Care,Dr. Marvin Tong DDS,Go Dental,Three Sixty Dentistry,Canyon Dental Group,Valencia Dental Office,SANTA CLARITA DENTAL CARE,"Smile Care Valencia - Robert P. Hedvat, DDS",Lost Canyon Family Dental: Clayton R. Clark DDS & Jay Singh DDS,3,
dentist santa clarita,91351,Lost Canyon Family Dental: Clayton R. Clark DDS & Jay Singh DDS,Smilebody Holistic Dental Wellbeing (formerly Promenade Dentistry),Adventure Dental and Orthodontics - Santa Clarita,Harmony Dental Santa Clarita,Santa Clarita Advanced Dentistry,"Family Tree Dentistry, Sarah J. Phillips, D.D.S.",Dentistry For Kids and Adults,"Skyline Smiles: Harleen Grewal, DDS",Canyon Country Dental Group,Smile City Dental Group,Perfect Smiles Dental Studio,Kidz Dental Care,Bright Now! Dental & Orthodontics,Santa Clarita Valley Dental Care,White Crown Dental,Aesthetic Dental & Specialty Center,A New Smile CC Dental Group,Bouquet Smile Dental - Brandon Thai DDS,Valencia Dental Office,Sierra Dental Care: Mahrokh Yashar DDS,16,
dentist santa clarita,91321,Adventure Dental and Orthodontics - Santa Clarita,Smilebody Holistic Dental Wellbeing (formerly Promenade Dentistry),Santa Clarita Advanced Dentistry,Lost Canyon Family Dental: Clayton R. Clark DDS & Jay Singh DDS,"Family Tree Dentistry, Sarah J. Phillips, D.D.S.",Canyon Country Dental Group,Aesthetic Dental & Specialty Center,Smile Center - Santa Clarita,Kidz Dental Care,Dentistry For Kids and Adults,Smile City Dental Group,Harmony Dental Santa Clarita,White Crown Dental,Santa Clarita Valley Dental Care,Bright Now! Dental & Orthodontics,Smile Republic Pediatric Dentistry (previously SCV Pediatric Dentistry),Zak Dental - Valencia,SANTA CLARITA DENTAL CARE,Smile Design: Santa Clarita,Three Sixty Dentistry,7,
dentist santa clarita,91350,Smilebody Holistic Dental Wellbeing (formerly Promenade Dentistry),Santa Clarita Advanced Dentistry,"Family Tree Dentistry, Sarah J. Phillips, D.D.S.",Harmony Dental Santa Clarita,White Crown Dental,Santa Clarita Valley Dental Care,Adventure Dental and Orthodontics - Santa Clarita,Lost Canyon Family Dental: Clayton R. Clark DDS & Jay Singh DDS,Bright Now! Dental & Orthodontics,Valencia Dental Office,Go Dental,Aesthetic Dental & Specialty Center,Golden Triangle Dental,Saugus Dental Laser Center,Valencia Advanced Dentistry at Copperhill Smiles | Santa Clarita Dentist,"Smile Care Valencia - Robert P. Hedvat, DDS",Bouquet Smile Dental - Brandon Thai DDS,Baywood Dental Group,Villar Dentistry & Orthodontics,Canyon Country Dental Group,12,
dentist santa clarita,91355,Smilebody Holistic Dental Wellbeing (formerly Promenade Dentistry),Santa Clarita Advanced Dentistry,Canyon Dental Group,Crest Dental,Valencia Advanced Dentistry at Copperhill Smiles | Santa Clarita Dentist,Go Dental,iHeartDDS - Santa Clarita Dentist,Copper Canyon Dentistry,"Andrew A. Tran, DDS - Vivid Smile Dental",Valencia Dental Group at Copper Hill,Dr. Marvin Tong DDS,White Crown Dental,Baywood Dental Group,May Dental,May Conte DDS,Aesthetic Dental & Specialty Center,C Squared Dentistry,Santa Clarita Valley Dental Care,Adventure Dental and Orthodontics - Santa Clarita,Valencia Dental Office,16,
dentist santa clarita,91310,Smilebody Holistic Dental Wellbeing (formerly Promenade Dentistry),Santa Clarita Advanced Dentistry,Valencia Advanced Dentistry at Copperhill Smiles | Santa Clarita Dentist,Copper Canyon Dentistry,Canyon Dental Group,Adventure Dental and Orthodontics - Santa Clarita,Go Dental,"Andrew A. Tran, DDS - Vivid Smile Dental",iHeartDDS - Santa Clarita Dentist,Valencia Dental Group at Copper Hill,Aesthetic Dental & Specialty Center,Harmony Dental Santa Clarita,White Crown Dental,Santa Clarita Valley Dental Care,"Family Tree Dentistry, Sarah J. Phillips, D.D.S.",Smile City Dental,Baywood Dental Group,Lost Canyon Family Dental: Clayton R. Clark DDS & Jay Singh DDS,Dr. Marvin Tong DDS,Valencia Dental Office,11,
santa clarita dentist,91354,Smile City Dental,Santa Clarita Advanced Dentistry,Valencia Advanced Dentistry at Copperhill Smiles | Santa Clarita Dentist,Smilebody Holistic Dental Wellbeing (formerly Promenade Dentistry),Canyon Dental Group,Crest Dental,Go Dental,Copper Canyon Dentistry,Santa Clarita Valley Dental Care,Valencia Dental Group at Copper Hill,Noa Dental,Comfort Dental Group,Baywood Dental Group,iHeartDDS - Santa Clarita Dentist,C Squared Dentistry,Valencia Dental Office,Harmony Dental Santa Clarita,Salmassian Orthodontics,Aesthetic Dental & Specialty Center,"Andrew A. Tran, DDS - Vivid Smile Dental",19,
santa clarita dentist,91387,Lost Canyon Family Dental: Clayton R. Clark DDS & Jay Singh DDS,Adventure Dental and Orthodontics - Santa Clarita,Santa Clarita Advanced Dentistry,Canyon Country Dental Group,Dentistry For Kids and Adults,Smilebody Holistic Dental Wellbeing (formerly Promenade Dentistry),"Family Tree Dentistry, Sarah J. Phillips, D.D.S.",Kidz Dental Care,Santa Clarita Valley Dental Care,Harmony Dental Santa Clarita,Smile City Dental Group,Aesthetic Dental & Specialty Center,Perfect Smiles Dental Studio,iHeartDDS - Santa Clarita Dentist,Golden Triangle Dental,White Crown Dental,Princessa Dental,"Skyline Smiles: Harleen Grewal, DDS",A New Smile CC Dental Group,Smile Center - Santa Clarita,12,
santa clarita dentist,91322,Santa Clarita Advanced Dentistry,Three Sixty Dentistry,SANTA CLARITA DENTAL CARE,Aesthetic Dental & Specialty Center,Smilebody Holistic Dental Wellbeing (formerly Promenade Dentistry),Smile Design: Santa Clarita,Newhall Dental Arts,"Dr. Arnel T. De Guzman, DDS",Adventure Dental and Orthodontics - Santa Clarita,Smile Republic Pediatric Dentistry (previously SCV Pediatric Dentistry),"Daniel J. Iannotti, DDS, Inc.",Santa Clarita Valley Dental Care,Zak Dental - Valencia,iHeartDDS - Santa Clarita Dentist,Santa Clarita Family Dentistry,"Nilda M. Woolard, DDS",Dr Sean Kutlay D.D.S.,"Family Tree Dentistry, Sarah J. Phillips, D.D.S.",Smile Center - Santa Clarita,"Dr. Sarkis L. Aznavour, DDS",4,
santa clarita dentist,91383,Santa Clarita Advanced Dentistry,Smilebody Holistic Dental Wellbeing (formerly Promenade Dentistry),Santa Clarita Valley Dental Care,Aesthetic Dental & Specialty Center,Harmony Dental Santa Clarita,Smile Design: Santa Clarita,Canyon Dental Group,White Crown Dental,Lyons Dental Care,iHeartDDS - Santa Clarita Dentist,Perfect Smiles Dental Studio,Canyon Country Dental Group,Smile Center - Santa Clarita,"Family Tree Dentistry, Sarah J. Phillips, D.D.S.",Valencia Advanced Dentistry at Copperhill Smiles | Santa Clarita Dentist,Comfort Dental Group,"Dr. Arnel T. De Guzman, DDS",Bouquet Smile Dental - Brandon Thai DDS,Bright Now! Dental & Orthodontics,"Dr. Rosario Castillo, DDS",4,
santa clarita dentist,91380,Boulevard Dental,Santa Clarita Advanced Dentistry,Adventure Dental and Orthodontics - Santa Clarita,Lost Canyon Family Dental: Clayton R. Clark DDS & Jay Singh DDS,Smilebody Holistic Dental Wellbeing (formerly Promenade Dentistry),Harmony Dental Santa Clarita,Santa Clarita Valley Dental Care,Canyon Country Dental Group,"Family Tree Dentistry, Sarah J. Phillips, D.D.S.",Dentistry For Kids and Adults,iHeartDDS - Santa Clarita Dentist,Aesthetic Dental & Specialty Center,"Skyline Smiles: Harleen Grewal, DDS",Kidz Dental Care,Golden Triangle Dental,White Crown Dental,Copper Canyon Dentistry,Smile City Dental Group,"Andrew A. Tran, DDS - Vivid Smile Dental",Go Dental,12,Noa Dental
santa clarita dentist,91382,Santa Clarita Advanced Dentistry,Aesthetic Dental & Specialty Center,Smilebody Holistic Dental Wellbeing (formerly Promenade Dentistry),"Dr. Arnel T. De Guzman, DDS",Smile Republic Pediatric Dentistry (previously SCV Pediatric Dentistry),"Daniel J. Iannotti, DDS, Inc.",SANTA CLARITA DENTAL CARE,Adventure Dental and Orthodontics - Santa Clarita,Santa Clarita Valley Dental Care,Three Sixty Dentistry,iHeartDDS - Santa Clarita Dentist,Smile Design: Santa Clarita,Zak Dental - Valencia,"Family Tree Dentistry, Sarah J. Phillips, D.D.S.",Golden Triangle Dental,White Crown Dental,Santa Clarita Family Dentistry,"Smile Care Valencia - Robert P. Hedvat, DDS",Dr Sean Kutlay D.D.S.,Smile Center - Santa Clarita,2,
santa clarita dentist,91386,Lost Canyon Family Dental: Clayton R. Clark DDS & Jay Singh DDS,Adventure Dental and Orthodontics - Santa Clarita,Santa Clarita Advanced Dentistry,Canyon Country Dental Group,Dentistry For Kids and Adults,Canyon Smiles & Orthodontics Dr. Houman Ebrahimi,Smile City Dental Group,"Family Tree Dentistry, Sarah J. Phillips, D.D.S.",Harmony Dental Santa Clarita,Smilebody Holistic Dental Wellbeing (formerly Promenade Dentistry),Perfect Smiles Dental Studio,Santa Clarita Valley Dental Care,Kidz Dental Care,Princessa Dental,A New Smile CC Dental Group,Aesthetic Dental & Specialty Center,"Skyline Smiles: Harleen Grewal, DDS",Golden Triangle Dental,iHeartDDS - Santa Clarita Dentist,White Crown Dental,16,
santa clarita dentist,91390,Santa Clarita Advanced Dentistry,Adventure Dental and Orthodontics - Santa Clarita,Lost Canyon Family Dental: Clayton R. Clark DDS & Jay Singh DDS,Smilebody Holistic Dental Wellbeing (formerly Promenade Dentistry),Santa Clarita Valley Dental Care,Harmony Dental Santa Clarita,Canyon Country Dental Group,"Family Tree Dentistry, Sarah J. Phillips, D.D.S.",Aesthetic Dental & Specialty Center,Dentistry For Kids and Adults,iHeartDDS - Santa Clarita Dentist,Kidz Dental Care,Golden Triangle Dental,White Crown Dental,Copper Canyon Dentistry,"Skyline Smiles: Harleen Grewal, DDS",Smile City Dental Group,"Andrew A. Tran, DDS - Vivid Smile Dental",Go Dental,Noa Dental,9,
santa clarita dentist,91381,Santa Clarita Advanced Dentistry,Smilebody Holistic Dental Wellbeing (formerly Promenade Dentistry),iHeartDDS - Santa Clarita Dentist,Aesthetic Dental & Specialty Center,Adventure Dental and Orthodontics - Santa Clarita,Santa Clarita Valley Dental Care,Smile Design: Santa Clarita,"Andrew A. Tran, DDS - Vivid Smile Dental",Smile Focus Dental Practice - Dentist Stevenson Ranch - Cosmetic Dentist Santa Clarita & Valencia,Copper Canyon Dentistry,Smile Republic Pediatric Dentistry (previously SCV Pediatric Dentistry),White Crown Dental,"Family Tree Dentistry, Sarah J. Phillips, D.D.S.",Golden Triangle Dental,Dr. Marvin Tong DDS,SANTA CLARITA DENTAL CARE,Go Dental,"Dr. Arnel T. De Guzman, DDS",Three Sixty Dentistry,"Daniel J. Iannotti, DDS, Inc.",4,
santa clarita dentist,91351,Lost Canyon Family Dental: Clayton R. Clark DDS & Jay Singh DDS,Adventure Dental and Orthodontics - Santa Clarita,Santa Clarita Advanced Dentistry,Harmony Dental Santa Clarita,"Family Tree Dentistry, Sarah J. Phillips, D.D.S.",Smilebody Holistic Dental Wellbeing (formerly Promenade Dentistry),Dentistry For Kids and Adults,Canyon Country Dental Group,Santa Clarita Valley Dental Care,Smile City Dental Group,"Skyline Smiles: Harleen Grewal, DDS",Perfect Smiles Dental Studio,Kidz Dental Care,Golden Triangle Dental,Canyon Smiles & Orthodontics Dr. Houman Ebrahimi,White Crown Dental,Aesthetic Dental & Specialty Center,iHeartDDS - Santa Clarita Dentist,Bright Now! Dental & Orthodontics,A New Smile CC Dental Group,17,
santa clarita dentist,91321,Adventure Dental and Orthodontics - Santa Clarita,Santa Clarita Advanced Dentistry,Lost Canyon Family Dental: Clayton R. Clark DDS & Jay Singh DDS,Smilebody Holistic Dental Wellbeing (formerly Promenade Dentistry),"Family Tree Dentistry, Sarah J. Phillips, D.D.S.",Canyon Country Dental Group,Santa Clarita Valley Dental Care,Smile Center - Santa Clarita,Aesthetic Dental & Specialty Center,Kidz Dental Care,Dentistry For Kids and Adults,Smile City Dental Group,iHeartDDS - Santa Clarita Dentist,Harmony Dental Santa Clarita,White Crown Dental,Golden Triangle Dental,SANTA CLARITA DENTAL CARE,Santa Clarita Family Dentistry,Smile Republic Pediatric Dentistry (previously SCV Pediatric Dentistry),Zak Dental - Valencia,9,
santa clarita dentist,91350,Santa Clarita Advanced Dentistry,Santa Clarita Valley Dental Care,Smilebody Holistic Dental Wellbeing (formerly Promenade Dentistry),"Family Tree Dentistry, Sarah J. Phillips, D.D.S.",Harmony Dental Santa Clarita,Adventure Dental and Orthodontics - Santa Clarita,Golden Triangle Dental,White Crown Dental,Lost Canyon Family Dental: Clayton R. Clark DDS & Jay Singh DDS,iHeartDDS - Santa Clarita Dentist,Valencia Dental Office,Bright Now! Dental & Orthodontics,Go Dental,Aesthetic Dental & Specialty Center,Saugus Dental Laser Center,Villar Dentistry & Orthodontics,"Smile Care Valencia - Robert P. Hedvat, DDS",Valencia Advanced Dentistry at Copperhill Smiles | Santa Clarita Dentist,Canyon Country Dental Group,Baywood Dental Group,14,
santa clarita dentist,91355,Santa Clarita Advanced Dentistry,Canyon Dental Group,Smilebody Holistic Dental Wellbeing (formerly Promenade Dentistry),Valencia Advanced Dentistry at Copperhill Smiles | Santa Clarita Dentist,"Dr. Rosario Castillo, DDS",Santa Clarita Valley Dental Care,iHeartDDS - Santa Clarita Dentist,White Crown Dental,Valencia Dental Group at Copper Hill,Santa Clarita Children's Dental,Aesthetic Dental & Specialty Center,Smile Design: Santa Clarita,Harmony Dental Santa Clarita,Comfort Dental Group,Go Dental,Saugus Dental,Saugus Dental Laser Center,Crest Dental,C Squared Dentistry,"Dr. Arnel T. De Guzman, DDS",11,
santa clarita dentist,91310,Santa Clarita Advanced Dentistry,Smilebody Holistic Dental Wellbeing (formerly Promenade Dentistry),Copper Canyon Dentistry,iHeartDDS - Santa Clarita Dentist,Santa Clarita Valley Dental Care,Valencia Advanced Dentistry at Copperhill Smiles | Santa Clarita Dentist,Adventure Dental and Orthodontics - Santa Clarita,"Andrew A. Tran, DDS - Vivid Smile Dental",Go Dental,Canyon Dental Group,Aesthetic Dental & Specialty Center,White Crown Dental,Noa Dental,Valencia Dental Group at Copper Hill,Harmony Dental Santa Clarita,Golden Triangle Dental,"Family Tree Dentistry, Sarah J. Phillips, D.D.S.",Baywood Dental Group,Lost Canyon Family Dental: Clayton R. Clark DDS & Jay Singh DDS,Smile City Dental,11,
santa clarita dental,91354,Santa Clarita Advanced Dentistry,Santa Clarita Valley Dental Care,Valencia Advanced Dentistry at Copperhill Smiles | Santa Clarita Dentist,Crest Dental,Smile City Dental,Canyon Dental Group,Smilebody Holistic Dental Wellbeing (formerly Promenade Dentistry),Go Dental,Valencia Dental Group at Copper Hill,iHeartDDS - Santa Clarita Dentist,Copper Canyon Dentistry,White Crown Dental,Harmony Dental Santa Clarita,Valencia Dental Office,SANTA CLARITA DENTAL CARE,C Squared Dentistry,Golden Triangle Dental,Comfort Dental Group,Aesthetic Dental & Specialty Center,Valencia Dental Group and Orthodontics,19,
santa clarita dental,91387,Santa Clarita Valley Dental Care,Santa Clarita Advanced Dentistry,Lost Canyon Family Dental: Clayton R. Clark DDS & Jay Singh DDS,Canyon Country Dental Group,Adventure Dental and Orthodontics - Santa Clarita,Dentistry For Kids and Adults,Princessa Dental,Harmony Dental Santa Clarita,Smile City Dental Group,SANTA CLARITA DENTAL CARE,Perfect Smiles Dental Studio,Santa Clarita Family Dentistry,A New Smile CC Dental Group,Aesthetic Dental & Specialty Center,Sierra Dental Care: Mahrokh Yashar DDS,"Family Tree Dentistry, Sarah J. Phillips, D.D.S.",Smilebody Holistic Dental Wellbeing (formerly Promenade Dentistry),Bright Now! Dental & Orthodontics,White Crown Dental,Kidz Dental Care,14,
santa clarita dental,91322,Santa Clarita Valley Dental Care,Santa Clarita Advanced Dentistry,SANTA CLARITA DENTAL CARE,Santa Clarita Family Dentistry,Aesthetic Dental & Specialty Center,Smile Design: Santa Clarita,Newhall Dental Arts,Three Sixty Dentistry,Smile Republic Pediatric Dentistry (previously SCV Pediatric Dentistry),Zak Dental - Valencia,Smile Center - Santa Clarita,Smilebody Holistic Dental Wellbeing (formerly Promenade Dentistry),"Dr. Arnel T. De Guzman, DDS",Valencia Dental Group and Orthodontics,White Crown Dental,iHeartDDS - Santa Clarita Dentist,Valencia Dental Office,Lost Canyon Family Dental: Clayton R. Clark DDS & Jay Singh DDS,"Smile Care Valencia - Robert P. Hedvat, DDS",Golden Triangle Dental,5,
santa clarita dental,91383,Santa Clarita Advanced Dentistry,Santa Clarita Valley Dental Care,Smilebody Holistic Dental Wellbeing (formerly Promenade Dentistry),iHeartDDS - Santa Clarita Dentist,Crest Dental,Valencia Advanced Dentistry at Copperhill Smiles | Santa Clarita Dentist,Canyon Dental Group,SANTA CLARITA DENTAL CARE,Aesthetic Dental & Specialty Center,"Andrew A. Tran, DDS - Vivid Smile Dental",Copper Canyon Dentistry,Valencia Dental Group at Copper Hill,Smile Design: Santa Clarita,Santa Clarita Family Dentistry,Valencia Dental Group and Orthodontics,Go Dental,May Conte DDS,White Crown Dental,Santa Clarita Children's Dental,Valencia Dental Office,9,
santa clarita dental,91380,Santa Clarita Valley Dental Care,Santa Clarita Advanced Dentistry,Lost Canyon Family Dental: Clayton R. Clark DDS & Jay Singh DDS,Harmony Dental Santa Clarita,Canyon Country Dental Group,Adventure Dental and Orthodontics - Santa Clarita,Dentistry For Kids and Adults,Valencia Advanced Dentistry at Copperhill Smiles | Santa Clarita Dentist,Aesthetic Dental & Specialty Center,SANTA CLARITA DENTAL CARE,Smilebody Holistic Dental Wellbeing (formerly Promenade Dentistry),Santa Clarita Family Dentistry,"Skyline Smiles: Harleen Grewal, DDS",White Crown Dental,Bouquet Smile Dental - Brandon Thai DDS,Smile City Dental Group,Golden Triangle Dental,Crest Dental,"Family Tree Dentistry, Sarah J. Phillips, D.D.S.",Princessa Dental,9,
santa clarita dental,91382,Santa Clarita Valley Dental Care,Santa Clarita Advanced Dentistry,SANTA CLARITA DENTAL CARE,Aesthetic Dental & Specialty Center,Santa Clarita Family Dentistry,Smile Republic Pediatric Dentistry (previously SCV Pediatric Dentistry),Smile Design: Santa Clarita,Zak Dental - Valencia,"Dr. Arnel T. De Guzman, DDS",Smilebody Holistic Dental Wellbeing (formerly Promenade Dentistry),Smile Center - Santa Clarita,White Crown Dental,Valencia Dental Group and Orthodontics,Valencia Dental Office,"Smile Care Valencia - Robert P. Hedvat, DDS",iHeartDDS - Santa Clarita Dentist,Golden Triangle Dental,Newhall Dental Arts,Lost Canyon Family Dental: Clayton R. Clark DDS & Jay Singh DDS,Three Sixty Dentistry,4,
santa clarita dental,91386,Santa Clarita Valley Dental Care,Santa Clarita Advanced Dentistry,Lost Canyon Family Dental: Clayton R. Clark DDS & Jay Singh DDS,Canyon Country Dental Group,Adventure Dental and Orthodontics - Santa Clarita,Dentistry For Kids and Adults,Smile City Dental Group,Harmony Dental Santa Clarita,Princessa Dental,Perfect Smiles Dental Studio,A New Smile CC Dental Group,SANTA CLARITA DENTAL CARE,Sierra Dental Care: Mahrokh Yashar DDS,"Family Tree Dentistry, Sarah J. Phillips, D.D.S.",Bright Now! Dental & Orthodontics,Santa Clarita Family Dentistry,Aesthetic Dental & Specialty Center,Smiles Dental Group,"Skyline Smiles: Harleen Grewal, DDS",White Crown Dental,17,
santa clarita dental,91390,Santa Clarita Valley Dental Care,Santa Clarita Advanced Dentistry,Lost Canyon Family Dental: Clayton R. Clark DDS & Jay Singh DDS,Canyon Country Dental Group,Harmony Dental Santa Clarita,Adventure Dental and Orthodontics - Santa Clarita,Dentistry For Kids and Adults,Aesthetic Dental & Specialty Center,SANTA CLARITA DENTAL CARE,Smilebody Holistic Dental Wellbeing (formerly Promenade Dentistry),Valencia Advanced Dentistry at Copperhill Smiles | Santa Clarita Dentist,Santa Clarita Family Dentistry,White Crown Dental,Smile City Dental Group,Princessa Dental,Golden Triangle Dental,"Skyline Smiles: Harleen Grewal, DDS","Family Tree Dentistry, Sarah J. Phillips, D.D.S.",Smile Design: Santa Clarita,iHeartDDS - Santa Clarita Dentist,8,
santa clarita dental,91381,Santa Clarita Advanced Dentistry,Santa Clarita Valley Dental Care,SANTA CLARITA DENTAL CARE,Smilebody Holistic Dental Wellbeing (formerly Promenade Dentistry),Smile Design: Santa Clarita,Aesthetic Dental & Specialty Center,iHeartDDS - Santa Clarita Dentist,Santa Clarita Family Dentistry,Smile Focus Dental Practice - Dentist Stevenson Ranch - Cosmetic Dentist Santa Clarita & Valencia,Smile Republic Pediatric Dentistry (previously SCV Pediatric Dentistry),Valencia Advanced Dentistry at Copperhill Smiles | Santa Clarita Dentist,Valencia Dental Group and Orthodontics,"Andrew A. Tran, DDS - Vivid Smile Dental",Canyon Dental Group,White Crown Dental,Lost Canyon Family Dental: Clayton R. Clark DDS & Jay Singh DDS,Valencia Dental Office,"Smile Care Valencia - Robert P. Hedvat, DDS",May Conte DDS,Copper Canyon Dentistry,6,
santa clarita dental,91351,Santa Clarita Valley Dental Care,Santa Clarita Advanced Dentistry,Lost Canyon Family Dental: Clayton R. Clark DDS & Jay Singh DDS,Canyon Country Dental Group,Harmony Dental Santa Clarita,Adventure Dental and Orthodontics - Santa Clarita,Dentistry For Kids and Adults,Smile City Dental Group,"Skyline Smiles: Harleen Grewal, DDS",SANTA CLARITA DENTAL CARE,A New Smile CC Dental Group,Perfect Smiles Dental Studio,Bouquet Smile Dental - Brandon Thai DDS,Bright Now! Dental & Orthodontics,"Family Tree Dentistry, Sarah J. Phillips, D.D.S.",Princessa Dental,Sierra Dental Care: Mahrokh Yashar DDS,Aesthetic Dental & Specialty Center,Santa Clarita Family Dentistry,Valencia Advanced Dentistry at Copperhill Smiles | Santa Clarita Dentist,18,
santa clarita dental,91321,Santa Clarita Valley Dental Care,Santa Clarita Advanced Dentistry,Canyon Country Dental Group,SANTA CLARITA DENTAL CARE,Smile Center - Santa Clarita,A New Smile CC Dental Group,Aesthetic Dental & Specialty Center,Santa Clarita Family Dentistry,Perfect Smiles Dental Studio,Princessa Dental,Adventure Dental and Orthodontics - Santa Clarita,White Crown Dental,Golden Oak Dental Group,Dr Sean Kutlay D.D.S.,Bright Now! Dental & Orthodontics,Harmony Dental Santa Clarita,Smile Design: Santa Clarita,"Family Tree Dentistry, Sarah J. Phillips, D.D.S.",Three Sixty Dentistry,Zak Dental - Valencia,7,
santa clarita dental,91350,Santa Clarita Valley Dental Care,Santa Clarita Advanced Dentistry,Harmony Dental Santa Clarita,Lost Canyon Family Dental: Clayton R. Clark DDS & Jay Singh DDS,White Crown Dental,Golden Triangle Dental,Valencia Advanced Dentistry at Copperhill Smiles | Santa Clarita Dentist,SANTA CLARITA DENTAL CARE,Canyon Country Dental Group,"Family Tree Dentistry, Sarah J. Phillips, D.D.S.",Valencia Dental Office,Bright Now! Dental & Orthodontics,Smilebody Holistic Dental Wellbeing (formerly Promenade Dentistry),Aesthetic Dental & Specialty Center,Santa Clarita Family Dentistry,Bouquet Smile Dental - Brandon Thai DDS,Saugus Dental Laser Center,iHeartDDS - Santa Clarita Dentist,Valencia Dental Group and Orthodontics,Adventure Dental and Orthodontics - Santa Clarita,14,
santa clarita dental,91355,Santa Clarita Advanced Dentistry,Santa Clarita Valley Dental Care,Valencia Advanced Dentistry at Copperhill Smiles | Santa Clarita Dentist,Crest Dental,Canyon Dental Group,Smilebody Holistic Dental Wellbeing (formerly Promenade Dentistry),iHeartDDS - Santa Clarita Dentist,Valencia Dental Group at Copper Hill,Go Dental,Copper Canyon Dentistry,"Andrew A. Tran, DDS - Vivid Smile Dental",White Crown Dental,SANTA CLARITA DENTAL CARE,Valencia Dental Group and Orthodontics,C Squared Dentistry,Aesthetic Dental & Specialty Center,May Dental,Valencia Dental Office,May Conte DDS,Santa Clarita Children's Dental,16,
santa clarita dental,91310,Santa Clarita Advanced Dentistry,Santa Clarita Valley Dental Care,Valencia Advanced Dentistry at Copperhill Smiles | Santa Clarita Dentist,Crest Dental,Smilebody Holistic Dental Wellbeing (formerly Promenade Dentistry),Canyon Dental Group,Copper Canyon Dentistry,iHeartDDS - Santa Clarita Dentist,Valencia Dental Group at Copper Hill,Aesthetic Dental & Specialty Center,SANTA CLARITA DENTAL CARE,"Andrew A. Tran, DDS - Vivid Smile Dental",Harmony Dental Santa Clarita,Lost Canyon Family Dental: Clayton R. Clark DDS & Jay Singh DDS,White Crown Dental,Go Dental,C Squared Dentistry,Smile City Dental,Valencia Dental Group and Orthodontics,Santa Clarita Family Dentistry,10,
